algorithm,Makespan,WeightedTardiness,run
1to2,4280.0,10231.0,1.0
1to2,4238.0,10999.0,1.0
1to2,4137.0,11737.0,1.0
1to2,4024.0,14871.0,1.0
1to2,4014.0,17825.0,1.0
1to2,4000.0,18820.0,1.0
1to2,3900.0,28047.0,1.0
1to2,3891.0,28777.0,1.0
1to2,3885.0,29054.0,1.0
1to2,4453.0,8961.0,1.0
1to2,4294.0,10719.0,2.0
1to2,4219.0,11507.0,2.0
1to2,4181.0,12163.0,2.0
1to2,4201.0,12093.0,2.0
1to2,4161.0,13183.0,2.0
1to2,4058.0,15294.0,2.0
1to2,3972.0,22322.0,2.0
1to2,3910.0,25626.0,2.0
1to2,3906.0,29022.0,2.0
1to2,3887.0,30871.0,2.0
1to2,3886.0,31143.0,2.0
1to2,4430.0,9310.0,2.0
1to2,4373.0,9507.0,3.0
1to2,4261.0,9935.0,3.0
1to2,4213.0,10957.0,3.0
1to2,4100.0,12751.0,3.0
1to2,4082.0,13038.0,3.0
1to2,4074.0,14989.0,3.0
1to2,3976.0,23411.0,3.0
1to2,3873.0,29601.0,3.0
1to2,3867.0,29953.0,3.0
1to2,3869.0,29899.0,3.0
1to2,4422.0,9401.0,3.0
1to2,4325.0,10465.0,4.0
1to2,4294.0,10993.0,4.0
1to2,4146.0,12247.0,4.0
1to2,4117.0,12477.0,4.0
1to2,4114.0,12825.0,4.0
1to2,4070.0,16924.0,4.0
1to2,3945.0,20749.0,4.0
1to2,3917.0,22357.0,4.0
1to2,3914.0,22701.0,4.0
1to2,3863.0,26907.0,4.0
1to2,3862.0,27248.0,4.0
1to2,4392.0,9396.0,4.0
1to2,4286.0,10291.0,5.0
1to2,4263.0,10514.0,5.0
1to2,4216.0,10875.0,5.0
1to2,4017.0,15726.0,5.0
1to2,4002.0,16770.0,5.0
1to2,3978.0,20483.0,5.0
1to2,3937.0,21842.0,5.0
1to2,3944.0,21689.0,5.0
1to2,3929.0,25203.0,5.0
1to2,3883.0,31042.0,5.0
1to2,4406.0,9261.0,5.0
1to2,4288.0,11203.0,6.0
1to2,4173.0,12115.0,6.0
1to2,4112.0,12699.0,6.0
1to2,4065.0,13169.0,6.0
1to2,4064.0,13570.0,6.0
1to2,4061.0,14160.0,6.0
1to2,3987.0,18175.0,6.0
1to2,3925.0,26813.0,6.0
1to2,3905.0,29477.0,6.0
1to2,3882.0,30979.0,6.0
1to2,3878.0,32331.0,6.0
1to2,4420.0,10132.0,6.0
1to2,4271.0,10328.0,7.0
1to2,4288.0,10301.0,7.0
1to2,4230.0,12100.0,7.0
1to2,4146.0,13374.0,7.0
1to2,3998.0,18339.0,7.0
1to2,3955.0,19477.0,7.0
1to2,3948.0,19911.0,7.0
1to2,3891.0,26867.0,7.0
1to2,3881.0,28975.0,7.0
1to2,3876.0,31322.0,7.0
1to2,4461.0,9782.0,7.0
1to2,4332.0,10499.0,8.0
1to2,4219.0,11308.0,8.0
1to2,4186.0,11818.0,8.0
1to2,4063.0,13834.0,8.0
1to2,4049.0,14059.0,8.0
1to2,4026.0,14849.0,8.0
1to2,4006.0,17791.0,8.0
1to2,3993.0,18929.0,8.0
1to2,3979.0,19363.0,8.0
1to2,3903.0,27529.0,8.0
1to2,3877.0,28810.0,8.0
1to2,3863.0,30208.0,8.0
1to2,4456.0,10491.0,8.0
1to2,4247.0,11215.0,9.0
1to2,4148.0,12330.0,9.0
1to2,4114.0,12752.0,9.0
1to2,4107.0,13270.0,9.0
1to2,4042.0,16072.0,9.0
1to2,4014.0,19126.0,9.0
1to2,4002.0,19772.0,9.0
1to2,3943.0,22711.0,9.0
1to2,3923.0,24435.0,9.0
1to2,3891.0,26890.0,9.0
1to2,3877.0,31691.0,9.0
1to2,3876.0,32278.0,9.0
1to2,3872.0,33313.0,9.0
1to2,4431.0,9549.0,9.0
1to2,4273.0,10623.0,10.0
1to2,4208.0,10926.0,10.0
1to2,4093.0,12413.0,10.0
1to2,4088.0,13003.0,10.0
1to2,4078.0,14397.0,10.0
1to2,4051.0,15450.0,10.0
1to2,4018.0,17959.0,10.0
1to2,4009.0,18740.0,10.0
1to2,3975.0,20733.0,10.0
1to2,3878.0,26427.0,10.0
1to2,3854.0,28161.0,10.0
1to2,4396.0,9004.0,10.0
1to2,4383.0,10059.0,11.0
1to2,4218.0,10551.0,11.0
1to2,4155.0,12323.0,11.0
1to2,3983.0,17412.0,11.0
1to2,3995.0,17334.0,11.0
1to2,3947.0,23092.0,11.0
1to2,3862.0,29835.0,11.0
1to2,3858.0,30871.0,11.0
1to2,4396.0,9657.0,11.0
1to2,4299.0,10506.0,12.0
1to2,4253.0,10710.0,12.0
1to2,4200.0,11059.0,12.0
1to2,4150.0,12261.0,12.0
1to2,4119.0,13847.0,12.0
1to2,4052.0,18454.0,12.0
1to2,3963.0,21081.0,12.0
1to2,3940.0,23364.0,12.0
1to2,3922.0,25440.0,12.0
1to2,3900.0,27651.0,12.0
1to2,3905.0,27542.0,12.0
1to2,3879.0,30631.0,12.0
1to2,3878.0,31101.0,12.0
1to2,4431.0,9223.0,12.0
1to2,4278.0,9361.0,13.0
1to2,4267.0,9640.0,13.0
1to2,4204.0,10399.0,13.0
1to2,4181.0,10680.0,13.0
1to2,4100.0,14580.0,13.0
1to2,4084.0,14882.0,13.0
1to2,4044.0,17013.0,13.0
1to2,4037.0,17442.0,13.0
1to2,3973.0,20392.0,13.0
1to2,3933.0,22620.0,13.0
1to2,3893.0,28579.0,13.0
1to2,3861.0,30271.0,13.0
1to2,4247.0,10313.0,14.0
1to2,4236.0,10346.0,14.0
1to2,4201.0,10525.0,14.0
1to2,4142.0,11571.0,14.0
1to2,4116.0,11828.0,14.0
1to2,4058.0,15149.0,14.0
1to2,4047.0,16699.0,14.0
1to2,4031.0,17699.0,14.0
1to2,4021.0,18058.0,14.0
1to2,3995.0,20500.0,14.0
1to2,3939.0,25063.0,14.0
1to2,3879.0,29477.0,14.0
1to2,3878.0,30414.0,14.0
1to2,3873.0,31894.0,14.0
1to2,4428.0,9403.0,14.0
1to2,4385.0,10016.0,15.0
1to2,4278.0,10351.0,15.0
1to2,4232.0,11085.0,15.0
1to2,4144.0,12185.0,15.0
1to2,4111.0,12613.0,15.0
1to2,4092.0,13748.0,15.0
1to2,4066.0,14459.0,15.0
1to2,3988.0,17814.0,15.0
1to2,3986.0,18432.0,15.0
1to2,3954.0,20335.0,15.0
1to2,3864.0,30605.0,15.0
1to2,4413.0,9894.0,15.0
2to1,3953.0,25550.0,1.0
2to1,3978.0,22626.0,1.0
2to1,3987.0,20208.0,1.0
2to1,4005.0,18556.0,1.0
2to1,4024.0,16927.0,1.0
2to1,4041.0,16342.0,1.0
2to1,4121.0,11704.0,1.0
2to1,4194.0,10081.0,1.0
2to1,4245.0,9646.0,1.0
2to1,4274.0,9315.0,1.0
2to1,4289.0,9226.0,1.0
2to1,4314.0,9091.0,1.0
2to1,4330.0,9034.0,1.0
2to1,4375.0,8961.0,1.0
2to1,3885.0,29710.0,1.0
2to1,3902.0,21914.0,2.0
2to1,3947.0,20822.0,2.0
2to1,3973.0,17649.0,2.0
2to1,4001.0,14691.0,2.0
2to1,4022.0,13603.0,2.0
2to1,4017.0,14266.0,2.0
2to1,4164.0,11187.0,2.0
2to1,4207.0,10401.0,2.0
2to1,4222.0,10104.0,2.0
2to1,4240.0,10013.0,2.0
2to1,4247.0,9932.0,2.0
2to1,4323.0,9410.0,2.0
2to1,4330.0,9373.0,2.0
2to1,4354.0,9277.0,2.0
2to1,4399.0,9206.0,2.0
2to1,3886.0,31143.0,2.0
2to1,3966.0,21832.0,3.0
2to1,3986.0,18402.0,3.0
2to1,4002.0,16989.0,3.0
2to1,4006.0,16901.0,3.0
2to1,4029.0,15235.0,3.0
2to1,4043.0,14332.0,3.0
2to1,4067.0,13321.0,3.0
2to1,4066.0,13546.0,3.0
2to1,4113.0,12149.0,3.0
2to1,4145.0,11287.0,3.0
2to1,4228.0,10259.0,3.0
2to1,4256.0,9973.0,3.0
2to1,4296.0,9713.0,3.0
2to1,4315.0,9586.0,3.0
2to1,4319.0,9561.0,3.0
2to1,4422.0,9401.0,3.0
2to1,3868.0,30021.0,3.0
2to1,3982.0,17884.0,4.0
2to1,4038.0,15040.0,4.0
2to1,4047.0,14385.0,4.0
2to1,4151.0,11319.0,4.0
2to1,4170.0,10885.0,4.0
2to1,4222.0,10247.0,4.0
2to1,4262.0,9811.0,4.0
2to1,4276.0,9662.0,4.0
2to1,4313.0,9505.0,4.0
2to1,4353.0,9402.0,4.0
2to1,4392.0,9329.0,4.0
2to1,3870.0,30007.0,4.0
2to1,3946.0,21210.0,5.0
2to1,3992.0,18372.0,5.0
2to1,4070.0,13432.0,5.0
2to1,4080.0,13037.0,5.0
2to1,4094.0,12265.0,5.0
2to1,4189.0,10773.0,5.0
2to1,4211.0,10269.0,5.0
2to1,4278.0,9602.0,5.0
2to1,4242.0,10098.0,5.0
2to1,4330.0,9420.0,5.0
2to1,4361.0,9324.0,5.0
2to1,4406.0,9261.0,5.0
2to1,3883.0,31295.0,5.0
2to1,3953.0,27678.0,6.0
2to1,4012.0,16410.0,6.0
2to1,4016.0,16075.0,6.0
2to1,4023.0,15234.0,6.0
2to1,4075.0,13556.0,6.0
2to1,4088.0,13239.0,6.0
2to1,4113.0,11948.0,6.0
2to1,4162.0,11168.0,6.0
2to1,4194.0,10658.0,6.0
2to1,4251.0,9823.0,6.0
2to1,4280.0,9556.0,6.0
2to1,4284.0,9531.0,6.0
2to1,4296.0,9486.0,6.0
2to1,4305.0,9476.0,6.0
2to1,4368.0,9378.0,6.0
2to1,3881.0,33292.0,6.0
2to1,3935.0,21870.0,7.0
2to1,3948.0,21184.0,7.0
2to1,3958.0,19806.0,7.0
2to1,4026.0,14053.0,7.0
2to1,4027.0,13986.0,7.0
2to1,4054.0,13733.0,7.0
2to1,4062.0,13335.0,7.0
2to1,4120.0,11974.0,7.0
2to1,4186.0,10781.0,7.0
2to1,4233.0,10066.0,7.0
2to1,4260.0,9904.0,7.0
2to1,4353.0,9674.0,7.0
2to1,3876.0,33758.0,7.0
2to1,3945.0,20778.0,8.0
2to1,3958.0,20404.0,8.0
2to1,3988.0,15976.0,8.0
2to1,3983.0,16410.0,8.0
2to1,4031.0,14201.0,8.0
2to1,4061.0,13625.0,8.0
2to1,4142.0,12428.0,8.0
2to1,4185.0,11831.0,8.0
2to1,4262.0,10721.0,8.0
2to1,4285.0,10547.0,8.0
2to1,4293.0,10525.0,8.0
2to1,4341.0,10403.0,8.0
2to1,4396.0,10313.0,8.0
2to1,3863.0,30482.0,8.0
2to1,3955.0,21481.0,9.0
2to1,4057.0,15062.0,9.0
2to1,4075.0,14209.0,9.0
2to1,4098.0,12347.0,9.0
2to1,4123.0,11535.0,9.0
2to1,4188.0,10559.0,9.0
2to1,4195.0,10475.0,9.0
2to1,4210.0,10213.0,9.0
2to1,4267.0,9657.0,9.0
2to1,4367.0,9457.0,9.0
2to1,3872.0,33574.0,9.0
2to1,4022.0,16834.0,10.0
2to1,4024.0,16719.0,10.0
2to1,4037.0,16165.0,10.0
2to1,4050.0,14139.0,10.0
2to1,4057.0,13903.0,10.0
2to1,4068.0,13883.0,10.0
2to1,4111.0,11122.0,10.0
2to1,4149.0,10753.0,10.0
2to1,4181.0,10292.0,10.0
2to1,4225.0,9797.0,10.0
2to1,4256.0,9414.0,10.0
2to1,4275.0,9305.0,10.0
2to1,4296.0,9181.0,10.0
2to1,4357.0,9077.0,10.0
2to1,4396.0,9004.0,10.0
2to1,3860.0,29633.0,10.0
2to1,3989.0,21567.0,11.0
2to1,4029.0,17407.0,11.0
2to1,4033.0,17310.0,11.0
2to1,4045.0,15711.0,11.0
2to1,4130.0,11782.0,11.0
2to1,4138.0,11308.0,11.0
2to1,4153.0,10949.0,11.0
2to1,4213.0,10098.0,11.0
2to1,4271.0,10079.0,11.0
2to1,4280.0,10026.0,11.0
2to1,4303.0,9885.0,11.0
2to1,4319.0,9803.0,11.0
2to1,4343.0,9721.0,11.0
2to1,4396.0,9657.0,11.0
2to1,3868.0,31392.0,11.0
2to1,3929.0,24577.0,12.0
2to1,3958.0,22217.0,12.0
2to1,4042.0,19765.0,12.0
2to1,4081.0,13957.0,12.0
2to1,4098.0,13825.0,12.0
2to1,4123.0,11681.0,12.0
2to1,4127.0,11484.0,12.0
2to1,4140.0,11247.0,12.0
2to1,4178.0,10545.0,12.0
2to1,4213.0,9836.0,12.0
2to1,4230.0,9601.0,12.0
2to1,4239.0,9552.0,12.0
2to1,4282.0,9400.0,12.0
2to1,4302.0,9344.0,12.0
2to1,4376.0,9240.0,12.0
2to1,4431.0,9223.0,12.0
2to1,3878.0,31346.0,12.0
2to1,3949.0,21250.0,13.0
2to1,3983.0,19254.0,13.0
2to1,4007.0,17323.0,13.0
2to1,4019.0,16093.0,13.0
2to1,4033.0,15223.0,13.0
2to1,4050.0,13849.0,13.0
2to1,4096.0,12058.0,13.0
2to1,4118.0,11702.0,13.0
2to1,4132.0,11465.0,13.0
2to1,4208.0,10278.0,13.0
2to1,4254.0,9860.0,13.0
2to1,3866.0,30986.0,13.0
2to1,3982.0,22837.0,14.0
2to1,4003.0,18300.0,14.0
2to1,4009.0,17589.0,14.0
2to1,4048.0,14424.0,14.0
2to1,4054.0,14040.0,14.0
2to1,4139.0,11623.0,14.0
2to1,4153.0,11235.0,14.0
2to1,4134.0,11667.0,14.0
2to1,4266.0,9967.0,14.0
2to1,4282.0,9806.0,14.0
2to1,4344.0,9477.0,14.0
2to1,4408.0,9349.0,14.0
2to1,3874.0,34541.0,14.0
2to1,3974.0,17806.0,15.0
2to1,3986.0,16586.0,15.0
2to1,4006.0,16328.0,15.0
2to1,4092.0,12963.0,15.0
2to1,4158.0,11375.0,15.0
2to1,4163.0,11222.0,15.0
2to1,4177.0,10962.0,15.0
2to1,4226.0,10549.0,15.0
2to1,4262.0,10277.0,15.0
2to1,4291.0,10036.0,15.0
2to1,4413.0,9894.0,15.0
2to1,3876.0,31171.0,15.0
adapt2seeds,4020.0,16898.0,1.0
adapt2seeds,4245.0,9646.0,1.0
adapt2seeds,4204.0,10295.0,1.0
adapt2seeds,4094.0,11959.0,1.0
adapt2seeds,4055.0,14409.0,1.0
adapt2seeds,4193.0,10462.0,1.0
adapt2seeds,4070.0,12639.0,1.0
adapt2seeds,4375.0,8961.0,1.0
adapt2seeds,4307.0,9152.0,1.0
adapt2seeds,4289.0,9226.0,1.0
adapt2seeds,4038.0,16846.0,1.0
adapt2seeds,3889.0,28845.0,1.0
adapt2seeds,4208.0,10264.0,1.0
adapt2seeds,4078.0,12528.0,1.0
adapt2seeds,4044.0,16738.0,1.0
adapt2seeds,3885.0,29621.0,1.0
adapt2seeds,4335.0,9366.0,2.0
adapt2seeds,4050.0,13602.0,2.0
adapt2seeds,4380.0,9297.0,2.0
adapt2seeds,4173.0,10933.0,2.0
adapt2seeds,4133.0,11675.0,2.0
adapt2seeds,4047.0,13795.0,2.0
adapt2seeds,3887.0,30871.0,2.0
adapt2seeds,4306.0,9485.0,2.0
adapt2seeds,4045.0,13844.0,2.0
adapt2seeds,3886.0,31143.0,2.0
adapt2seeds,4184.0,10254.0,3.0
adapt2seeds,4200.0,9855.0,3.0
adapt2seeds,4198.0,10088.0,3.0
adapt2seeds,4149.0,10712.0,3.0
adapt2seeds,4266.0,9767.0,3.0
adapt2seeds,4383.0,9456.0,3.0
adapt2seeds,4319.0,9561.0,3.0
adapt2seeds,4250.0,9832.0,3.0
adapt2seeds,3869.0,29899.0,3.0
adapt2seeds,4046.0,13620.0,3.0
adapt2seeds,4050.0,13443.0,3.0
adapt2seeds,3875.0,29602.0,3.0
adapt2seeds,4422.0,9401.0,3.0
adapt2seeds,3868.0,30021.0,3.0
adapt2seeds,3893.0,24808.0,4.0
adapt2seeds,3907.0,24173.0,4.0
adapt2seeds,3870.0,29865.0,4.0
adapt2seeds,4353.0,9402.0,4.0
adapt2seeds,3896.0,24327.0,4.0
adapt2seeds,4270.0,9659.0,4.0
adapt2seeds,4229.0,9805.0,4.0
adapt2seeds,3971.0,16586.0,4.0
adapt2seeds,3902.0,24253.0,4.0
adapt2seeds,4204.0,10275.0,4.0
adapt2seeds,4062.0,13032.0,4.0
adapt2seeds,4003.0,15660.0,4.0
adapt2seeds,4392.0,9396.0,4.0
adapt2seeds,3927.0,26820.0,5.0
adapt2seeds,3883.0,31042.0,5.0
adapt2seeds,3937.0,26815.0,5.0
adapt2seeds,3899.0,30244.0,5.0
adapt2seeds,4361.0,9324.0,5.0
adapt2seeds,4003.0,18758.0,5.0
adapt2seeds,4035.0,16099.0,5.0
adapt2seeds,4100.0,12749.0,5.0
adapt2seeds,4030.0,16535.0,5.0
adapt2seeds,4330.0,9420.0,5.0
adapt2seeds,4279.0,9567.0,5.0
adapt2seeds,3985.0,20453.0,5.0
adapt2seeds,3917.0,28936.0,5.0
adapt2seeds,4245.0,9905.0,5.0
adapt2seeds,4179.0,10679.0,5.0
adapt2seeds,4141.0,12154.0,5.0
adapt2seeds,3998.0,19248.0,5.0
adapt2seeds,3924.0,28644.0,5.0
adapt2seeds,4406.0,9261.0,5.0
adapt2seeds,3903.0,29710.0,6.0
adapt2seeds,3878.0,32331.0,6.0
adapt2seeds,4138.0,11263.0,6.0
adapt2seeds,4076.0,13277.0,6.0
adapt2seeds,4277.0,9744.0,6.0
adapt2seeds,4241.0,10129.0,6.0
adapt2seeds,4165.0,10358.0,6.0
adapt2seeds,4082.0,13256.0,6.0
adapt2seeds,4305.0,9730.0,6.0
adapt2seeds,4318.0,9650.0,6.0
adapt2seeds,4063.0,14404.0,6.0
adapt2seeds,3886.0,30871.0,6.0
adapt2seeds,4235.0,10422.0,7.0
adapt2seeds,4198.0,10818.0,7.0
adapt2seeds,3876.0,32069.0,7.0
adapt2seeds,3903.0,25379.0,7.0
adapt2seeds,4017.0,16989.0,7.0
adapt2seeds,4016.0,17134.0,7.0
adapt2seeds,3901.0,27565.0,7.0
adapt2seeds,4314.0,9663.0,7.0
adapt2seeds,4273.0,10094.0,7.0
adapt2seeds,4034.0,16425.0,7.0
adapt2seeds,4036.0,16281.0,7.0
adapt2seeds,4194.0,10872.0,7.0
adapt2seeds,4130.0,11650.0,7.0
adapt2seeds,4037.0,16214.0,7.0
adapt2seeds,4043.0,15427.0,8.0
adapt2seeds,3995.0,17073.0,8.0
adapt2seeds,3991.0,17209.0,8.0
adapt2seeds,4208.0,10860.0,8.0
adapt2seeds,4102.0,12401.0,8.0
adapt2seeds,4340.0,10198.0,8.0
adapt2seeds,4324.0,10396.0,8.0
adapt2seeds,4101.0,12418.0,8.0
adapt2seeds,4063.0,13966.0,8.0
adapt2seeds,3984.0,18197.0,8.0
adapt2seeds,3877.0,27689.0,8.0
adapt2seeds,4276.0,10603.0,8.0
adapt2seeds,4225.0,10854.0,8.0
adapt2seeds,3873.0,28933.0,8.0
adapt2seeds,4183.0,12312.0,8.0
adapt2seeds,4202.0,11012.0,8.0
adapt2seeds,4050.0,15293.0,8.0
adapt2seeds,3863.0,30482.0,8.0
adapt2seeds,4134.0,11290.0,9.0
adapt2seeds,3990.0,17654.0,9.0
adapt2seeds,4330.0,9262.0,9.0
adapt2seeds,4066.0,14261.0,9.0
adapt2seeds,3982.0,18849.0,9.0
adapt2seeds,3882.0,24896.0,9.0
adapt2seeds,3867.0,26767.0,9.0
adapt2seeds,4276.0,9538.0,9.0
adapt2seeds,4113.0,12850.0,9.0
adapt2seeds,4055.0,13426.0,10.0
adapt2seeds,4208.0,9948.0,10.0
adapt2seeds,4341.0,9109.0,10.0
adapt2seeds,4234.0,9644.0,10.0
adapt2seeds,4127.0,11697.0,10.0
adapt2seeds,4078.0,13295.0,10.0
adapt2seeds,4054.0,14007.0,10.0
adapt2seeds,4293.0,9220.0,10.0
adapt2seeds,4258.0,9541.0,10.0
adapt2seeds,4013.0,16151.0,10.0
adapt2seeds,4026.0,15821.0,10.0
adapt2seeds,3889.0,26052.0,10.0
adapt2seeds,4155.0,10829.0,10.0
adapt2seeds,4145.0,10866.0,10.0
adapt2seeds,3888.0,26602.0,10.0
adapt2seeds,3880.0,27191.0,10.0
adapt2seeds,4038.0,15600.0,10.0
adapt2seeds,3860.0,28803.0,10.0
adapt2seeds,4396.0,9004.0,10.0
adapt2seeds,4228.0,10648.0,11.0
adapt2seeds,4189.0,11397.0,11.0
adapt2seeds,4343.0,9721.0,11.0
adapt2seeds,4060.0,13346.0,11.0
adapt2seeds,4010.0,13967.0,11.0
adapt2seeds,3996.0,15336.0,11.0
adapt2seeds,4213.0,10715.0,11.0
adapt2seeds,4073.0,13033.0,11.0
adapt2seeds,3858.0,30871.0,11.0
adapt2seeds,4270.0,10249.0,11.0
adapt2seeds,4309.0,9864.0,11.0
adapt2seeds,4191.0,11371.0,11.0
adapt2seeds,4180.0,11523.0,11.0
adapt2seeds,4087.0,12987.0,11.0
adapt2seeds,3878.0,27052.0,11.0
adapt2seeds,4396.0,9657.0,11.0
adapt2seeds,4125.0,11347.0,12.0
adapt2seeds,4100.0,13561.0,12.0
adapt2seeds,4001.0,15498.0,12.0
adapt2seeds,3956.0,18503.0,12.0
adapt2seeds,4062.0,14376.0,12.0
adapt2seeds,4393.0,9226.0,12.0
adapt2seeds,4278.0,9361.0,12.0
adapt2seeds,4326.0,9289.0,12.0
adapt2seeds,4376.0,9240.0,12.0
adapt2seeds,4263.0,9453.0,12.0
adapt2seeds,4230.0,9862.0,12.0
adapt2seeds,3964.0,18502.0,12.0
adapt2seeds,4172.0,10849.0,12.0
adapt2seeds,4105.0,13538.0,12.0
adapt2seeds,3879.0,30631.0,12.0
adapt2seeds,4431.0,9223.0,12.0
adapt2seeds,3878.0,31346.0,12.0
adapt2seeds,4251.0,11176.0,13.0
adapt2seeds,4062.0,15864.0,13.0
adapt2seeds,4058.0,16219.0,13.0
adapt2seeds,4167.0,12447.0,13.0
adapt2seeds,4133.0,14158.0,13.0
adapt2seeds,3861.0,30271.0,13.0
adapt2seeds,4393.0,10795.0,13.0
adapt2seeds,4110.0,14751.0,13.0
adapt2seeds,4048.0,17196.0,13.0
adapt2seeds,4022.0,18162.0,13.0
adapt2seeds,4271.0,11007.0,13.0
adapt2seeds,4209.0,11735.0,13.0
adapt2seeds,3904.0,26553.0,13.0
adapt2seeds,3971.0,17756.0,14.0
adapt2seeds,3925.0,21212.0,14.0
adapt2seeds,3927.0,21089.0,14.0
adapt2seeds,4362.0,9471.0,14.0
adapt2seeds,4196.0,10608.0,14.0
adapt2seeds,4127.0,11941.0,14.0
adapt2seeds,4408.0,9349.0,14.0
adapt2seeds,4053.0,15337.0,14.0
adapt2seeds,3940.0,20708.0,14.0
adapt2seeds,4087.0,14157.0,14.0
adapt2seeds,3920.0,23490.0,14.0
adapt2seeds,4326.0,9589.0,14.0
adapt2seeds,4273.0,9856.0,14.0
adapt2seeds,3923.0,23042.0,14.0
adapt2seeds,3874.0,34365.0,14.0
adapt2seeds,4213.0,10472.0,14.0
adapt2seeds,4133.0,11931.0,14.0
adapt2seeds,4173.0,11378.0,15.0
adapt2seeds,4200.0,11163.0,15.0
adapt2seeds,4344.0,9656.0,15.0
adapt2seeds,4280.0,9830.0,15.0
adapt2seeds,4262.0,10069.0,15.0
adapt2seeds,4026.0,15204.0,15.0
adapt2seeds,4383.0,9591.0,15.0
adapt2seeds,4101.0,12903.0,15.0
adapt2seeds,4256.0,10601.0,15.0
adapt2seeds,3902.0,28149.0,15.0
adapt2seeds,4018.0,17546.0,15.0
adapt2seeds,4022.0,17459.0,15.0
adapt2seeds,3914.0,27900.0,15.0
adapt2seeds,3912.0,28131.0,15.0
adapt2seeds,4224.0,10831.0,15.0
adapt2seeds,4146.0,12058.0,15.0
adapt2seeds,3876.0,31171.0,15.0
adaptFocus,4142.0,11902.0,1.0
adaptFocus,4334.0,9111.0,1.0
adaptFocus,4073.0,12632.0,1.0
adaptFocus,4198.0,10459.0,1.0
adaptFocus,4069.0,13166.0,1.0
adaptFocus,4006.0,15540.0,1.0
adaptFocus,3885.0,29295.0,1.0
adaptFocus,3979.0,18558.0,1.0
adaptFocus,4037.0,15027.0,1.0
adaptFocus,4266.0,9211.0,1.0
adaptFocus,4164.0,10835.0,1.0
adaptFocus,4150.0,11050.0,1.0
adaptFocus,3997.0,17810.0,1.0
adaptFocus,3962.0,20205.0,1.0
adaptFocus,4453.0,8961.0,1.0
adaptFocus,4074.0,13075.0,2.0
adaptFocus,4203.0,10043.0,2.0
adaptFocus,4039.0,14281.0,2.0
adaptFocus,3979.0,17221.0,2.0
adaptFocus,4176.0,10790.0,2.0
adaptFocus,4269.0,9604.0,2.0
adaptFocus,4131.0,11577.0,2.0
adaptFocus,4088.0,12869.0,2.0
adaptFocus,4284.0,9591.0,2.0
adaptFocus,3909.0,29159.0,2.0
adaptFocus,3965.0,20265.0,2.0
adaptFocus,4082.0,12877.0,2.0
adaptFocus,4104.0,11946.0,2.0
adaptFocus,4430.0,9310.0,2.0
adaptFocus,3886.0,31143.0,2.0
adaptFocus,4080.0,13987.0,3.0
adaptFocus,4154.0,11668.0,3.0
adaptFocus,4159.0,11320.0,3.0
adaptFocus,4200.0,10919.0,3.0
adaptFocus,4183.0,10972.0,3.0
adaptFocus,4220.0,9605.0,3.0
adaptFocus,4121.0,11874.0,3.0
adaptFocus,4290.0,9475.0,3.0
adaptFocus,4214.0,10205.0,3.0
adaptFocus,4014.0,17487.0,3.0
adaptFocus,4025.0,17352.0,3.0
adaptFocus,4036.0,17337.0,3.0
adaptFocus,4092.0,11884.0,3.0
adaptFocus,4204.0,10547.0,3.0
adaptFocus,4047.0,14591.0,3.0
adaptFocus,3940.0,24549.0,3.0
adaptFocus,4422.0,9401.0,3.0
adaptFocus,3868.0,30021.0,3.0
adaptFocus,4292.0,9484.0,4.0
adaptFocus,4274.0,9576.0,4.0
adaptFocus,3933.0,22267.0,4.0
adaptFocus,3892.0,26338.0,4.0
adaptFocus,3992.0,16415.0,4.0
adaptFocus,4110.0,13182.0,4.0
adaptFocus,4205.0,10455.0,4.0
adaptFocus,4059.0,13818.0,4.0
adaptFocus,4154.0,10572.0,4.0
adaptFocus,4202.0,10474.0,4.0
adaptFocus,4242.0,10279.0,4.0
adaptFocus,3943.0,21819.0,4.0
adaptFocus,4086.0,13648.0,4.0
adaptFocus,4118.0,12159.0,4.0
adaptFocus,4042.0,16235.0,4.0
adaptFocus,4392.0,9396.0,4.0
adaptFocus,3870.0,30007.0,4.0
adaptFocus,4150.0,12097.0,5.0
adaptFocus,4306.0,9429.0,5.0
adaptFocus,4277.0,9714.0,5.0
adaptFocus,4089.0,12764.0,5.0
adaptFocus,4190.0,10470.0,5.0
adaptFocus,4056.0,13508.0,5.0
adaptFocus,4170.0,11494.0,5.0
adaptFocus,3976.0,17958.0,5.0
adaptFocus,4050.0,16020.0,5.0
adaptFocus,4239.0,10080.0,5.0
adaptFocus,4121.0,12150.0,5.0
adaptFocus,4162.0,11504.0,5.0
adaptFocus,4081.0,13207.0,5.0
adaptFocus,4237.0,10222.0,5.0
adaptFocus,4086.0,13153.0,5.0
adaptFocus,3959.0,21052.0,5.0
adaptFocus,3904.0,28148.0,5.0
adaptFocus,4037.0,16098.0,5.0
adaptFocus,3975.0,20975.0,5.0
adaptFocus,4021.0,16693.0,5.0
adaptFocus,4406.0,9261.0,5.0
adaptFocus,3883.0,31295.0,5.0
adaptFocus,4161.0,11557.0,6.0
adaptFocus,4096.0,12031.0,6.0
adaptFocus,4146.0,11616.0,6.0
adaptFocus,4206.0,10532.0,6.0
adaptFocus,3951.0,19404.0,6.0
adaptFocus,4245.0,9740.0,6.0
adaptFocus,4035.0,13458.0,6.0
adaptFocus,4085.0,12946.0,6.0
adaptFocus,3891.0,31205.0,6.0
adaptFocus,4013.0,16773.0,6.0
adaptFocus,3881.0,33292.0,6.0
adaptFocus,4169.0,11574.0,7.0
adaptFocus,4259.0,10198.0,7.0
adaptFocus,4120.0,11856.0,7.0
adaptFocus,4073.0,12965.0,7.0
adaptFocus,4308.0,9468.0,7.0
adaptFocus,4035.0,14566.0,7.0
adaptFocus,4066.0,13710.0,7.0
adaptFocus,3982.0,17568.0,7.0
adaptFocus,3948.0,18265.0,7.0
adaptFocus,3931.0,21665.0,7.0
adaptFocus,4265.0,9825.0,7.0
adaptFocus,3889.0,25883.0,7.0
adaptFocus,4215.0,10243.0,7.0
adaptFocus,4030.0,14669.0,7.0
adaptFocus,3876.0,33758.0,7.0
adaptFocus,4042.0,14640.0,8.0
adaptFocus,4109.0,12950.0,8.0
adaptFocus,4145.0,11406.0,8.0
adaptFocus,3877.0,28810.0,8.0
adaptFocus,3935.0,20252.0,8.0
adaptFocus,3881.0,28626.0,8.0
adaptFocus,4217.0,9872.0,8.0
adaptFocus,3940.0,19969.0,8.0
adaptFocus,4053.0,13616.0,8.0
adaptFocus,3863.0,30482.0,8.0
adaptFocus,3886.0,30072.0,9.0
adaptFocus,4200.0,10356.0,9.0
adaptFocus,4174.0,10687.0,9.0
adaptFocus,4221.0,10230.0,9.0
adaptFocus,4099.0,12306.0,9.0
adaptFocus,4262.0,9747.0,9.0
adaptFocus,3870.0,31811.0,9.0
adaptFocus,3942.0,20626.0,9.0
adaptFocus,4229.0,10000.0,9.0
adaptFocus,4065.0,14066.0,9.0
adaptFocus,4150.0,11161.0,9.0
adaptFocus,4055.0,15380.0,9.0
adaptFocus,3985.0,18164.0,9.0
adaptFocus,3954.0,19880.0,9.0
adaptFocus,4431.0,9549.0,9.0
adaptFocus,4118.0,11406.0,10.0
adaptFocus,4173.0,10953.0,10.0
adaptFocus,4028.0,15933.0,10.0
adaptFocus,4063.0,13762.0,10.0
adaptFocus,3913.0,23911.0,10.0
adaptFocus,3912.0,24716.0,10.0
adaptFocus,3995.0,18073.0,10.0
adaptFocus,4093.0,12018.0,10.0
adaptFocus,4214.0,9770.0,10.0
adaptFocus,4244.0,9457.0,10.0
adaptFocus,4112.0,11708.0,10.0
adaptFocus,4230.0,9753.0,10.0
adaptFocus,4155.0,11094.0,10.0
adaptFocus,4054.0,14367.0,10.0
adaptFocus,3977.0,21723.0,10.0
adaptFocus,4396.0,9004.0,10.0
adaptFocus,3860.0,29633.0,10.0
adaptFocus,4079.0,13068.0,11.0
adaptFocus,4181.0,11411.0,11.0
adaptFocus,4215.0,10736.0,11.0
adaptFocus,4172.0,11681.0,11.0
adaptFocus,4009.0,16871.0,11.0
adaptFocus,3966.0,17430.0,11.0
adaptFocus,4104.0,12807.0,11.0
adaptFocus,4148.0,11773.0,11.0
adaptFocus,4031.0,15163.0,11.0
adaptFocus,4088.0,12828.0,11.0
adaptFocus,4026.0,16310.0,11.0
adaptFocus,4256.0,10033.0,11.0
adaptFocus,4127.0,12148.0,11.0
adaptFocus,4303.0,9885.0,11.0
adaptFocus,3951.0,20947.0,11.0
adaptFocus,3903.0,25705.0,11.0
adaptFocus,4217.0,10688.0,11.0
adaptFocus,4028.0,15696.0,11.0
adaptFocus,4034.0,15128.0,11.0
adaptFocus,4396.0,9657.0,11.0
adaptFocus,3868.0,31392.0,11.0
adaptFocus,4185.0,10757.0,12.0
adaptFocus,4219.0,9761.0,12.0
adaptFocus,4094.0,12282.0,12.0
adaptFocus,4115.0,11853.0,12.0
adaptFocus,4274.0,9401.0,12.0
adaptFocus,4164.0,11068.0,12.0
adaptFocus,4272.0,9476.0,12.0
adaptFocus,4133.0,11392.0,12.0
adaptFocus,4135.0,11283.0,12.0
adaptFocus,4267.0,9697.0,12.0
adaptFocus,4138.0,11199.0,12.0
adaptFocus,4312.0,9262.0,12.0
adaptFocus,3925.0,25242.0,12.0
adaptFocus,3899.0,28388.0,12.0
adaptFocus,4090.0,13587.0,12.0
adaptFocus,4092.0,12903.0,12.0
adaptFocus,3966.0,19908.0,12.0
adaptFocus,3963.0,22335.0,12.0
adaptFocus,4431.0,9223.0,12.0
adaptFocus,3878.0,31346.0,12.0
adaptFocus,4043.0,14597.0,13.0
adaptFocus,4157.0,12359.0,13.0
adaptFocus,4176.0,10968.0,13.0
adaptFocus,4077.0,13620.0,13.0
adaptFocus,3912.0,22920.0,13.0
adaptFocus,3890.0,28765.0,13.0
adaptFocus,4041.0,15670.0,13.0
adaptFocus,4092.0,12674.0,13.0
adaptFocus,4266.0,10510.0,13.0
adaptFocus,4124.0,12629.0,13.0
adaptFocus,3951.0,20555.0,13.0
adaptFocus,4011.0,16894.0,13.0
adaptFocus,4225.0,10912.0,13.0
adaptFocus,3977.0,20465.0,13.0
adaptFocus,3866.0,30986.0,13.0
adaptFocus,4074.0,12546.0,14.0
adaptFocus,4150.0,11487.0,14.0
adaptFocus,4055.0,13668.0,14.0
adaptFocus,4214.0,10213.0,14.0
adaptFocus,4275.0,9755.0,14.0
adaptFocus,4254.0,9768.0,14.0
adaptFocus,4181.0,11182.0,14.0
adaptFocus,3928.0,22298.0,14.0
adaptFocus,3876.0,31802.0,14.0
adaptFocus,4211.0,10817.0,14.0
adaptFocus,4242.0,10169.0,14.0
adaptFocus,4290.0,9704.0,14.0
adaptFocus,4057.0,13613.0,14.0
adaptFocus,4136.0,12032.0,14.0
adaptFocus,4005.0,20257.0,14.0
adaptFocus,3931.0,22061.0,14.0
adaptFocus,4428.0,9403.0,14.0
adaptFocus,3874.0,34541.0,14.0
adaptFocus,4101.0,13078.0,15.0
adaptFocus,4124.0,12662.0,15.0
adaptFocus,4214.0,10174.0,15.0
adaptFocus,4043.0,14622.0,15.0
adaptFocus,4198.0,11307.0,15.0
adaptFocus,4277.0,9784.0,15.0
adaptFocus,4153.0,11846.0,15.0
adaptFocus,3907.0,23798.0,15.0
adaptFocus,4125.0,12499.0,15.0
adaptFocus,4261.0,10039.0,15.0
adaptFocus,3922.0,21616.0,15.0
adaptFocus,4135.0,12439.0,15.0
adaptFocus,4033.0,16906.0,15.0
adaptFocus,4072.0,13243.0,15.0
adaptFocus,4003.0,19367.0,15.0
adaptFocus,4013.0,17355.0,15.0
adaptFocus,3876.0,31171.0,15.0
anytime,4375.0,8961.0,1.0
anytime,4162.0,10516.0,1.0
anytime,4074.0,14413.0,1.0
anytime,4046.0,15257.0,1.0
anytime,3922.0,25188.0,1.0
anytime,3919.0,26309.0,1.0
anytime,3907.0,27566.0,1.0
anytime,3925.0,25152.0,1.0
anytime,4281.0,9273.0,1.0
anytime,4152.0,10810.0,1.0
anytime,4228.0,9590.0,1.0
anytime,4203.0,10081.0,1.0
anytime,3885.0,29621.0,1.0
anytime,4075.0,13485.0,2.0
anytime,4225.0,10064.0,2.0
anytime,4049.0,14672.0,2.0
anytime,4380.0,9297.0,2.0
anytime,4191.0,10657.0,2.0
anytime,4070.0,13695.0,2.0
anytime,4281.0,9531.0,2.0
anytime,4335.0,9366.0,2.0
anytime,4192.0,10632.0,2.0
anytime,4085.0,13403.0,2.0
anytime,3887.0,30871.0,2.0
anytime,4306.0,9485.0,2.0
anytime,4215.0,10499.0,2.0
anytime,4132.0,12752.0,2.0
anytime,3886.0,31143.0,2.0
anytime,3931.0,24427.0,3.0
anytime,4250.0,9764.0,3.0
anytime,3960.0,20444.0,3.0
anytime,3955.0,23351.0,3.0
anytime,4076.0,12302.0,3.0
anytime,4090.0,12078.0,3.0
anytime,4319.0,9561.0,3.0
anytime,4112.0,11302.0,3.0
anytime,3983.0,19488.0,3.0
anytime,4179.0,10164.0,3.0
anytime,3866.0,29023.0,3.0
anytime,4121.0,11167.0,3.0
anytime,4138.0,10847.0,3.0
anytime,4422.0,9401.0,3.0
anytime,3909.0,23204.0,4.0
anytime,4155.0,11777.0,4.0
anytime,4034.0,15829.0,4.0
anytime,4270.0,9659.0,4.0
anytime,4392.0,9329.0,4.0
anytime,4262.0,9811.0,4.0
anytime,3894.0,25185.0,4.0
anytime,3908.0,23420.0,4.0
anytime,4306.0,9564.0,4.0
anytime,3870.0,29865.0,4.0
anytime,4197.0,10817.0,4.0
anytime,3907.0,23540.0,4.0
anytime,3889.0,25338.0,4.0
anytime,4201.0,10749.0,4.0
anytime,4282.0,9733.0,5.0
anytime,3915.0,26912.0,5.0
anytime,4210.0,10592.0,5.0
anytime,4361.0,9324.0,5.0
anytime,4098.0,12667.0,5.0
anytime,3959.0,21958.0,5.0
anytime,4093.0,13140.0,5.0
anytime,3890.0,30025.0,5.0
anytime,4130.0,11952.0,5.0
anytime,4226.0,10428.0,5.0
anytime,4330.0,9420.0,5.0
anytime,3883.0,31042.0,5.0
anytime,4406.0,9261.0,5.0
anytime,3880.0,32850.0,6.0
anytime,4005.0,17002.0,6.0
anytime,3949.0,28591.0,6.0
anytime,3877.0,33393.0,6.0
anytime,3888.0,31373.0,6.0
anytime,4162.0,11637.0,6.0
anytime,4357.0,9622.0,6.0
anytime,4148.0,11921.0,6.0
anytime,3892.0,31208.0,6.0
anytime,4245.0,10551.0,6.0
anytime,3953.0,28317.0,6.0
anytime,4134.0,12364.0,6.0
anytime,4239.0,10575.0,6.0
anytime,3897.0,30983.0,6.0
anytime,4159.0,11729.0,6.0
anytime,4245.0,9941.0,7.0
anytime,4109.0,11896.0,7.0
anytime,4008.0,18347.0,7.0
anytime,4052.0,13751.0,7.0
anytime,4207.0,10437.0,7.0
anytime,3880.0,29032.0,7.0
anytime,4220.0,10281.0,7.0
anytime,3869.0,29259.0,7.0
anytime,4128.0,11649.0,7.0
anytime,4288.0,9804.0,7.0
anytime,3903.0,27952.0,7.0
anytime,4127.0,11693.0,7.0
anytime,3901.0,28752.0,7.0
anytime,4186.0,11175.0,7.0
anytime,4461.0,9782.0,7.0
anytime,3878.0,28132.0,8.0
anytime,4089.0,12557.0,8.0
anytime,4168.0,12096.0,8.0
anytime,4071.0,12678.0,8.0
anytime,4062.0,13065.0,8.0
anytime,4396.0,10313.0,8.0
anytime,4285.0,10547.0,8.0
anytime,4238.0,11015.0,8.0
anytime,4248.0,10934.0,8.0
anytime,3869.0,29555.0,8.0
anytime,3873.0,28933.0,8.0
anytime,4216.0,11361.0,8.0
anytime,3863.0,30355.0,8.0
anytime,4188.0,10257.0,9.0
anytime,4136.0,11153.0,9.0
anytime,4200.0,10181.0,9.0
anytime,4266.0,9474.0,9.0
anytime,4130.0,11349.0,9.0
anytime,4216.0,10022.0,9.0
anytime,3872.0,33313.0,9.0
anytime,3893.0,27446.0,9.0
anytime,4142.0,11025.0,9.0
anytime,3887.0,28199.0,9.0
anytime,3901.0,27029.0,9.0
anytime,3860.0,29015.0,10.0
anytime,4186.0,10249.0,10.0
anytime,3980.0,23977.0,10.0
anytime,4143.0,10810.0,10.0
anytime,4027.0,20170.0,10.0
anytime,4275.0,9272.0,10.0
anytime,4269.0,9399.0,10.0
anytime,4139.0,11195.0,10.0
anytime,4291.0,9164.0,10.0
anytime,4113.0,11441.0,10.0
anytime,4164.0,10703.0,10.0
anytime,4173.0,10636.0,10.0
anytime,4396.0,9004.0,10.0
anytime,3858.0,30946.0,11.0
anytime,4251.0,10264.0,11.0
anytime,4258.0,10223.0,11.0
anytime,4331.0,9799.0,11.0
anytime,3875.0,29347.0,11.0
anytime,4289.0,10011.0,11.0
anytime,4120.0,12536.0,11.0
anytime,3860.0,30799.0,11.0
anytime,4310.0,9875.0,11.0
anytime,4154.0,12112.0,11.0
anytime,3876.0,29228.0,11.0
anytime,4396.0,9657.0,11.0
anytime,3906.0,26950.0,12.0
anytime,4302.0,9344.0,12.0
anytime,4225.0,9769.0,12.0
anytime,4269.0,9406.0,12.0
anytime,3899.0,29213.0,12.0
anytime,3873.0,31126.0,12.0
anytime,4201.0,10045.0,12.0
anytime,4282.0,9400.0,12.0
anytime,4253.0,9714.0,12.0
anytime,4143.0,11173.0,12.0
anytime,3879.0,30631.0,12.0
anytime,4431.0,9223.0,12.0
anytime,4274.0,9850.0,13.0
anytime,4145.0,11655.0,13.0
anytime,4169.0,11158.0,13.0
anytime,3861.0,30271.0,13.0
anytime,3865.0,30248.0,13.0
anytime,4241.0,10228.0,13.0
anytime,4254.0,10125.0,13.0
anytime,4156.0,11606.0,13.0
anytime,4058.0,14517.0,13.0
anytime,4026.0,18836.0,13.0
anytime,3872.0,29818.0,13.0
anytime,3868.0,30247.0,13.0
anytime,4152.0,10656.0,14.0
anytime,3923.0,25248.0,14.0
anytime,4135.0,10924.0,14.0
anytime,4408.0,9349.0,14.0
anytime,4231.0,9954.0,14.0
anytime,4098.0,12581.0,14.0
anytime,4326.0,9589.0,14.0
anytime,4230.0,10193.0,14.0
anytime,4087.0,13286.0,14.0
anytime,3874.0,34365.0,14.0
anytime,3899.0,26824.0,14.0
anytime,3949.0,26752.0,15.0
anytime,4064.0,14868.0,15.0
anytime,4009.0,15876.0,15.0
anytime,3864.0,28924.0,15.0
anytime,3869.0,28794.0,15.0
anytime,4163.0,11222.0,15.0
anytime,4005.0,16766.0,15.0
anytime,4255.0,9796.0,15.0
anytime,4226.0,10008.0,15.0
anytime,4154.0,11527.0,15.0
anytime,4177.0,10962.0,15.0
anytimeRestart,3962.0,22868.0,1.0
anytimeRestart,3911.0,28804.0,1.0
anytimeRestart,4187.0,12349.0,1.0
anytimeRestart,4049.0,13742.0,1.0
anytimeRestart,4205.0,11038.0,1.0
anytimeRestart,3937.0,28108.0,1.0
anytimeRestart,4391.0,9554.0,1.0
anytimeRestart,3973.0,19779.0,1.0
anytimeRestart,4270.0,10186.0,1.0
anytimeRestart,3942.0,23625.0,1.0
anytimeRestart,3907.0,29433.0,1.0
anytimeRestart,4117.0,13186.0,1.0
anytimeRestart,3941.0,23813.0,1.0
anytimeRestart,3992.0,17100.0,1.0
anytimeRestart,4181.0,12452.0,1.0
anytimeRestart,4210.0,10527.0,1.0
anytimeRestart,3925.0,28288.0,1.0
anytimeRestart,3885.0,29710.0,1.0
anytimeRestart,4453.0,8961.0,1.0
anytimeRestart,3994.0,17385.0,2.0
anytimeRestart,4386.0,10399.0,2.0
anytimeRestart,3973.0,18565.0,2.0
anytimeRestart,4023.0,15510.0,2.0
anytimeRestart,3922.0,29772.0,2.0
anytimeRestart,4066.0,14609.0,2.0
anytimeRestart,4186.0,10749.0,2.0
anytimeRestart,4253.0,10525.0,2.0
anytimeRestart,4010.0,16976.0,2.0
anytimeRestart,3940.0,21619.0,2.0
anytimeRestart,3886.0,31143.0,2.0
anytimeRestart,4430.0,9310.0,2.0
anytimeRestart,4193.0,11273.0,3.0
anytimeRestart,4035.0,15657.0,3.0
anytimeRestart,3941.0,21689.0,3.0
anytimeRestart,3923.0,25974.0,3.0
anytimeRestart,3984.0,20648.0,3.0
anytimeRestart,4061.0,14046.0,3.0
anytimeRestart,4007.0,18926.0,3.0
anytimeRestart,3965.0,21397.0,3.0
anytimeRestart,3912.0,26839.0,3.0
anytimeRestart,4051.0,14439.0,3.0
anytimeRestart,4273.0,10569.0,3.0
anytimeRestart,3936.0,25233.0,3.0
anytimeRestart,4093.0,13825.0,3.0
anytimeRestart,3898.0,29859.0,3.0
anytimeRestart,4013.0,18207.0,3.0
anytimeRestart,3868.0,30021.0,3.0
anytimeRestart,4422.0,9401.0,3.0
anytimeRestart,4315.0,10271.0,4.0
anytimeRestart,4208.0,11022.0,4.0
anytimeRestart,3939.0,21649.0,4.0
anytimeRestart,4011.0,18597.0,4.0
anytimeRestart,3942.0,20720.0,4.0
anytimeRestart,4074.0,14765.0,4.0
anytimeRestart,3930.0,28225.0,4.0
anytimeRestart,4057.0,15109.0,4.0
anytimeRestart,3920.0,29239.0,4.0
anytimeRestart,4079.0,13424.0,4.0
anytimeRestart,3966.0,18753.0,4.0
anytimeRestart,3870.0,30007.0,4.0
anytimeRestart,4392.0,9396.0,4.0
anytimeRestart,4095.0,13721.0,5.0
anytimeRestart,4167.0,11476.0,5.0
anytimeRestart,3951.0,20080.0,5.0
anytimeRestart,3911.0,29225.0,5.0
anytimeRestart,4015.0,16393.0,5.0
anytimeRestart,4331.0,10136.0,5.0
anytimeRestart,4135.0,12161.0,5.0
anytimeRestart,3938.0,23790.0,5.0
anytimeRestart,4257.0,10337.0,5.0
anytimeRestart,4058.0,16278.0,5.0
anytimeRestart,3976.0,18750.0,5.0
anytimeRestart,3883.0,31295.0,5.0
anytimeRestart,4406.0,9261.0,5.0
anytimeRestart,3960.0,22470.0,6.0
anytimeRestart,4025.0,16295.0,6.0
anytimeRestart,3925.0,25586.0,6.0
anytimeRestart,4063.0,14174.0,6.0
anytimeRestart,3985.0,20031.0,6.0
anytimeRestart,3953.0,23942.0,6.0
anytimeRestart,3962.0,21974.0,6.0
anytimeRestart,4107.0,13497.0,6.0
anytimeRestart,4181.0,11973.0,6.0
anytimeRestart,4015.0,19851.0,6.0
anytimeRestart,4237.0,9923.0,6.0
anytimeRestart,3973.0,21429.0,6.0
anytimeRestart,4154.0,12324.0,6.0
anytimeRestart,3881.0,33292.0,6.0
anytimeRestart,3988.0,18416.0,7.0
anytimeRestart,4248.0,10626.0,7.0
anytimeRestart,4040.0,16810.0,7.0
anytimeRestart,4094.0,13455.0,7.0
anytimeRestart,3931.0,32871.0,7.0
anytimeRestart,3981.0,18424.0,7.0
anytimeRestart,3932.0,28392.0,7.0
anytimeRestart,4186.0,10709.0,7.0
anytimeRestart,3947.0,22566.0,7.0
anytimeRestart,4263.0,9502.0,7.0
anytimeRestart,4133.0,11120.0,7.0
anytimeRestart,3960.0,20825.0,7.0
anytimeRestart,3876.0,33758.0,7.0
anytimeRestart,4130.0,12064.0,8.0
anytimeRestart,3941.0,22269.0,8.0
anytimeRestart,4222.0,11504.0,8.0
anytimeRestart,4379.0,9379.0,8.0
anytimeRestart,4044.0,15140.0,8.0
anytimeRestart,4242.0,10014.0,8.0
anytimeRestart,3974.0,20307.0,8.0
anytimeRestart,4027.0,15705.0,8.0
anytimeRestart,4010.0,19243.0,8.0
anytimeRestart,3924.0,24186.0,8.0
anytimeRestart,4288.0,9930.0,8.0
anytimeRestart,4139.0,11876.0,8.0
anytimeRestart,3863.0,30482.0,8.0
anytimeRestart,4140.0,13257.0,9.0
anytimeRestart,4081.0,14353.0,9.0
anytimeRestart,3935.0,20518.0,9.0
anytimeRestart,3924.0,24962.0,9.0
anytimeRestart,3910.0,26844.0,9.0
anytimeRestart,4260.0,10861.0,9.0
anytimeRestart,4016.0,19308.0,9.0
anytimeRestart,4142.0,12066.0,9.0
anytimeRestart,4335.0,10204.0,9.0
anytimeRestart,4019.0,16440.0,9.0
anytimeRestart,4211.0,11484.0,9.0
anytimeRestart,4044.0,14458.0,9.0
anytimeRestart,3872.0,33574.0,9.0
anytimeRestart,4431.0,9549.0,9.0
anytimeRestart,4178.0,12211.0,10.0
anytimeRestart,4008.0,15588.0,10.0
anytimeRestart,4007.0,17452.0,10.0
anytimeRestart,4191.0,11250.0,10.0
anytimeRestart,3924.0,27189.0,10.0
anytimeRestart,4377.0,9501.0,10.0
anytimeRestart,3934.0,23831.0,10.0
anytimeRestart,4116.0,13662.0,10.0
anytimeRestart,4277.0,10012.0,10.0
anytimeRestart,4226.0,10533.0,10.0
anytimeRestart,4273.0,10516.0,10.0
anytimeRestart,3978.0,18243.0,10.0
anytimeRestart,3983.0,17599.0,10.0
anytimeRestart,4050.0,15256.0,10.0
anytimeRestart,3962.0,19671.0,10.0
anytimeRestart,3860.0,29633.0,10.0
anytimeRestart,4396.0,9004.0,10.0
anytimeRestart,3995.0,17032.0,11.0
anytimeRestart,4071.0,15750.0,11.0
anytimeRestart,3971.0,20019.0,11.0
anytimeRestart,4152.0,10756.0,11.0
anytimeRestart,3932.0,25220.0,11.0
anytimeRestart,4084.0,13908.0,11.0
anytimeRestart,4107.0,13523.0,11.0
anytimeRestart,3943.0,20964.0,11.0
anytimeRestart,3868.0,31392.0,11.0
anytimeRestart,4396.0,9657.0,11.0
anytimeRestart,4084.0,15404.0,12.0
anytimeRestart,4012.0,15828.0,12.0
anytimeRestart,3964.0,23045.0,12.0
anytimeRestart,4417.0,9326.0,12.0
anytimeRestart,3927.0,29336.0,12.0
anytimeRestart,4218.0,11017.0,12.0
anytimeRestart,3937.0,26787.0,12.0
anytimeRestart,3958.0,25025.0,12.0
anytimeRestart,4287.0,10386.0,12.0
anytimeRestart,4171.0,12047.0,12.0
anytimeRestart,3920.0,29757.0,12.0
anytimeRestart,3974.0,19112.0,12.0
anytimeRestart,3960.0,23920.0,12.0
anytimeRestart,4086.0,14144.0,12.0
anytimeRestart,3878.0,31346.0,12.0
anytimeRestart,4431.0,9223.0,12.0
anytimeRestart,4149.0,12542.0,13.0
anytimeRestart,3961.0,20800.0,13.0
anytimeRestart,3966.0,18650.0,13.0
anytimeRestart,4006.0,17505.0,13.0
anytimeRestart,4139.0,13272.0,13.0
anytimeRestart,3922.0,27106.0,13.0
anytimeRestart,4057.0,14579.0,13.0
anytimeRestart,4214.0,10378.0,13.0
anytimeRestart,4045.0,17341.0,13.0
anytimeRestart,3925.0,26014.0,13.0
anytimeRestart,4162.0,12143.0,13.0
anytimeRestart,3866.0,30986.0,13.0
anytimeRestart,4021.0,15810.0,14.0
anytimeRestart,4251.0,10054.0,14.0
anytimeRestart,4207.0,11083.0,14.0
anytimeRestart,3998.0,16535.0,14.0
anytimeRestart,3963.0,23964.0,14.0
anytimeRestart,4314.0,9254.0,14.0
anytimeRestart,4141.0,12557.0,14.0
anytimeRestart,3965.0,20251.0,14.0
anytimeRestart,3923.0,25329.0,14.0
anytimeRestart,4186.0,11689.0,14.0
anytimeRestart,3905.0,28644.0,14.0
anytimeRestart,4046.0,14926.0,14.0
anytimeRestart,3999.0,16194.0,14.0
anytimeRestart,4100.0,13889.0,14.0
anytimeRestart,3975.0,19740.0,14.0
anytimeRestart,3874.0,34541.0,14.0
anytimeRestart,3948.0,25806.0,15.0
anytimeRestart,4024.0,15602.0,15.0
anytimeRestart,3971.0,18102.0,15.0
anytimeRestart,4116.0,12430.0,15.0
anytimeRestart,4290.0,9298.0,15.0
anytimeRestart,4065.0,14637.0,15.0
anytimeRestart,3924.0,27780.0,15.0
anytimeRestart,3952.0,21203.0,15.0
anytimeRestart,4237.0,10865.0,15.0
anytimeRestart,4053.0,15084.0,15.0
anytimeRestart,3918.0,27956.0,15.0
anytimeRestart,4170.0,11306.0,15.0
anytimeRestart,3876.0,31171.0,15.0
double,4007.0,17967.0,1.0
double,4047.0,15343.0,1.0
double,4099.0,12291.0,1.0
double,4105.0,11948.0,1.0
double,4158.0,10923.0,1.0
double,4190.0,10294.0,1.0
double,4228.0,9629.0,1.0
double,4248.0,9527.0,1.0
double,4314.0,9091.0,1.0
double,4330.0,9034.0,1.0
double,4148.0,11195.0,1.0
double,4108.0,11862.0,1.0
double,4074.0,13112.0,1.0
double,3948.0,20758.0,1.0
double,3934.0,23113.0,1.0
double,3921.0,23666.0,1.0
double,3933.0,23606.0,1.0
double,3900.0,27820.0,1.0
double,3885.0,29436.0,1.0
double,4453.0,8961.0,1.0
double,4046.0,14468.0,2.0
double,4081.0,13397.0,2.0
double,4102.0,12638.0,2.0
double,4132.0,11925.0,2.0
double,4214.0,10728.0,2.0
double,4306.0,9485.0,2.0
double,4335.0,9366.0,2.0
double,4241.0,10169.0,2.0
double,4167.0,11580.0,2.0
double,4037.0,17480.0,2.0
double,3976.0,19832.0,2.0
double,3949.0,22682.0,2.0
double,3898.0,28345.0,2.0
double,4430.0,9310.0,2.0
double,3886.0,31143.0,2.0
double,3985.0,21512.0,3.0
double,3991.0,20581.0,3.0
double,4011.0,17404.0,3.0
double,4081.0,12829.0,3.0
double,4097.0,11956.0,3.0
double,4106.0,11739.0,3.0
double,4140.0,10874.0,3.0
double,4159.0,10528.0,3.0
double,4189.0,9971.0,3.0
double,4268.0,9756.0,3.0
double,4274.0,9712.0,3.0
double,4319.0,9561.0,3.0
double,4000.0,17747.0,3.0
double,3949.0,22163.0,3.0
double,3911.0,26783.0,3.0
double,3872.0,29525.0,3.0
double,4422.0,9401.0,3.0
double,3868.0,30021.0,3.0
double,3928.0,20436.0,4.0
double,3936.0,19922.0,4.0
double,4133.0,13211.0,4.0
double,4217.0,10228.0,4.0
double,4270.0,9659.0,4.0
double,4313.0,9505.0,4.0
double,4080.0,15316.0,4.0
double,4048.0,17037.0,4.0
double,3975.0,18602.0,4.0
double,3870.0,29865.0,4.0
double,4392.0,9396.0,4.0
double,3943.0,24285.0,5.0
double,3967.0,22770.0,5.0
double,4112.0,12952.0,5.0
double,4126.0,12081.0,5.0
double,4131.0,11887.0,5.0
double,4135.0,11780.0,5.0
double,4164.0,11061.0,5.0
double,4158.0,11480.0,5.0
double,4234.0,10318.0,5.0
double,4292.0,9619.0,5.0
double,4309.0,9385.0,5.0
double,4224.0,10594.0,5.0
double,4102.0,13563.0,5.0
double,4062.0,16032.0,5.0
double,4015.0,18434.0,5.0
double,4029.0,18387.0,5.0
double,3883.0,31042.0,5.0
double,4406.0,9261.0,5.0
double,3956.0,20660.0,6.0
double,3957.0,20129.0,6.0
double,3999.0,18859.0,6.0
double,4005.0,18175.0,6.0
double,4032.0,16246.0,6.0
double,4036.0,16149.0,6.0
double,4097.0,13364.0,6.0
double,4128.0,12298.0,6.0
double,4172.0,11509.0,6.0
double,4193.0,10907.0,6.0
double,4198.0,10789.0,6.0
double,4246.0,10090.0,6.0
double,4270.0,9822.0,6.0
double,4324.0,9616.0,6.0
double,4058.0,14427.0,6.0
double,3894.0,29925.0,6.0
double,3883.0,32916.0,6.0
double,3881.0,33240.0,6.0
double,3991.0,18028.0,7.0
double,4034.0,14168.0,7.0
double,4096.0,12376.0,7.0
double,4197.0,10575.0,7.0
double,4274.0,9923.0,7.0
double,4282.0,9851.0,7.0
double,4374.0,9772.0,7.0
double,4023.0,16800.0,7.0
double,3998.0,17364.0,7.0
double,3961.0,19071.0,7.0
double,3875.0,29255.0,7.0
double,3883.0,29024.0,7.0
double,3968.0,21050.0,8.0
double,3979.0,17191.0,8.0
double,3981.0,17151.0,8.0
double,3988.0,16959.0,8.0
double,4007.0,16346.0,8.0
double,4030.0,15232.0,8.0
double,4035.0,14938.0,8.0
double,4101.0,12840.0,8.0
double,4110.0,12653.0,8.0
double,4241.0,11029.0,8.0
double,4313.0,10397.0,8.0
double,4272.0,10522.0,8.0
double,4154.0,11605.0,8.0
double,4095.0,13029.0,8.0
double,4057.0,14048.0,8.0
double,3957.0,22179.0,8.0
double,3889.0,27528.0,8.0
double,3877.0,28810.0,8.0
double,3863.0,30355.0,8.0
double,4000.0,18951.0,9.0
double,4029.0,15377.0,9.0
double,4042.0,14999.0,9.0
double,4074.0,13331.0,9.0
double,4145.0,11587.0,9.0
double,4167.0,11277.0,9.0
double,4191.0,10903.0,9.0
double,4309.0,9721.0,9.0
double,4338.0,9665.0,9.0
double,4072.0,13919.0,9.0
double,4024.0,17074.0,9.0
double,3917.0,24329.0,9.0
double,3907.0,25414.0,9.0
double,3876.0,32278.0,9.0
double,3872.0,33313.0,9.0
double,4431.0,9549.0,9.0
double,3959.0,22424.0,10.0
double,3973.0,22173.0,10.0
double,4056.0,13435.0,10.0
double,4058.0,13146.0,10.0
double,4079.0,12850.0,10.0
double,4093.0,12532.0,10.0
double,4140.0,11176.0,10.0
double,4197.0,10357.0,10.0
double,4240.0,9672.0,10.0
double,4293.0,9220.0,10.0
double,3908.0,24220.0,10.0
double,3881.0,26083.0,10.0
double,3854.0,28161.0,10.0
double,4396.0,9004.0,10.0
double,3991.0,19356.0,11.0
double,4082.0,13791.0,11.0
double,4104.0,13117.0,11.0
double,4105.0,13058.0,11.0
double,4127.0,12914.0,11.0
double,4131.0,12812.0,11.0
double,4197.0,10958.0,11.0
double,4272.0,10064.0,11.0
double,4301.0,9925.0,11.0
double,4317.0,9834.0,11.0
double,4296.0,10025.0,11.0
double,4177.0,11756.0,11.0
double,4037.0,17048.0,11.0
double,4014.0,17556.0,11.0
double,3903.0,25130.0,11.0
double,3915.0,24915.0,11.0
double,3863.0,28823.0,11.0
double,3865.0,28766.0,11.0
double,3862.0,29146.0,11.0
double,3859.0,30956.0,11.0
double,4396.0,9657.0,11.0
double,3992.0,17296.0,12.0
double,4001.0,16991.0,12.0
double,4009.0,16990.0,12.0
double,4092.0,12738.0,12.0
double,4199.0,10197.0,12.0
double,4230.0,9819.0,12.0
double,4263.0,9453.0,12.0
double,4282.0,9400.0,12.0
double,4144.0,10853.0,12.0
double,4105.0,11948.0,12.0
double,4016.0,14708.0,12.0
double,3975.0,17778.0,12.0
double,3964.0,20141.0,12.0
double,3909.0,27626.0,12.0
double,3879.0,30631.0,12.0
double,4431.0,9223.0,12.0
double,3878.0,31346.0,12.0
double,3985.0,19763.0,13.0
double,4029.0,16096.0,13.0
double,4131.0,12101.0,13.0
double,4150.0,11651.0,13.0
double,4222.0,10696.0,13.0
double,4285.0,9394.0,13.0
double,4165.0,11398.0,13.0
double,4097.0,13101.0,13.0
double,4032.0,14328.0,13.0
double,4012.0,19602.0,13.0
double,4011.0,19648.0,13.0
double,3869.0,29816.0,13.0
double,3861.0,30271.0,13.0
double,3947.0,22586.0,14.0
double,3954.0,22026.0,14.0
double,3955.0,21811.0,14.0
double,3991.0,19929.0,14.0
double,4054.0,16479.0,14.0
double,4116.0,12584.0,14.0
double,4211.0,10483.0,14.0
double,4273.0,9856.0,14.0
double,4326.0,9589.0,14.0
double,4093.0,13651.0,14.0
double,4058.0,15288.0,14.0
double,3996.0,19225.0,14.0
double,3915.0,26796.0,14.0
double,3876.0,29519.0,14.0
double,3874.0,34365.0,14.0
double,4428.0,9403.0,14.0
double,3931.0,21188.0,15.0
double,3949.0,20528.0,15.0
double,3966.0,18518.0,15.0
double,3970.0,18451.0,15.0
double,3987.0,17968.0,15.0
double,4168.0,11578.0,15.0
double,4167.0,11697.0,15.0
double,4239.0,10424.0,15.0
double,4306.0,10088.0,15.0
double,4069.0,13520.0,15.0
double,4048.0,14755.0,15.0
double,3923.0,25507.0,15.0
double,3890.0,29567.0,15.0
double,3862.0,31148.0,15.0
double,4413.0,9894.0,15.0
